,Titles,Links
0,Natation / Algérie : il faut commencer à préparer la nouvelle saison le plus tôt possible,/sport/105100-natation-algerie-il-faut-commencer-a-preparer-la-nouvelle-saison-le-plus-tot-possible
1,Taekwondo : le Championnat national de Poomsee du 21 mai au 29 juin,/sport/105097-taekwondo-le-championnat-national-de-poomsee-du-21-mai-au-29-juin
2,"Foot/ CAN-2019: "" L'Algérie a amplement mérité le titre""",/sport/105091-foot-can-2019-l-algerie-a-amplement-merite-le-titre
3,Natation: fin de saison sportive 2019-2020,/sport/105042-natation-fin-de-saison-sportive-2019-2020
4,Foot/ Ligue 1 USM Alger : Achour Djelloul favorable à la reprise de la saison,/sport/105032-foot-ligue-1-usm-alger-achour-djelloul-favorable-a-la-reprise-de-la-saison
5,Futsal (FAF): une conférence sur le développement de la discipline en Algérie,/sport/105009-futsal-faf-une-conference-sur-le-developpement-de-la-discipline-en-algerie
6,"COA: le bureau exécutif entérine la démission de Berraf, Meridja président par intérim",/sport/104986-coa-le-bureau-executif-enterine-la-demission-de-berraf-meridja-president-par-interim
7,"Le sport scolaire ""un terrain fertile pour une éducation équilibrée""﻿",/sport/104983-le-sport-scolaire-un-terrain-fertile-pour-une-education-equilibree
8,Installation de 2 commissions mixtes pour la relance du sport dans les milieux scolaire et universitaire,/sport/104975-installation-de-2-commissions-mixtes-pour-la-relance-du-sport-dans-les-milieux-scolaire-et-universitaire
9,Covid19-Judo: des séminaires par vidéo conférence pour les techniciens africains,/sport/104973-covid19-judo-des-seminaires-par-video-conference-pour-les-techniciens-africains
